treatment_id, description, type'C0001559', 'Inhalation Drug Administration', 'Treatment or Exercise');
'C0001566', 'Administration| Topical', 'Treatment or Exercise');
'C0001701', 'Exercise| Aerobic', 'Treatment or Exercise');
'C0002766', 'Pain management', 'Treatment or Exercise');
'C0002804', 'Roux-en-Y Anastomosis', 'Treatment or Exercise');
'C0002903', 'Anesthesia procedures', 'Treatment or Exercise');
'C0002915', 'General Anesthesia', 'Treatment or Exercise');
'C0002928', 'Spinal Anesthesia', 'Treatment or Exercise');
'C0003571', 'Apicoectomy', 'Treatment or Exercise');
'C0003611', 'Appendectomy', 'Treatment or Exercise');
'C0004704', 'Balloon Dilatation', 'Treatment or Exercise');
'C0004708', 'Balloon Valvuloplasty', 'Treatment or Exercise');
'C0004836', 'Baths| Finnish', 'Treatment or Exercise');
'C0004910', 'Bed rest', 'Treatment or Exercise');
'C0004933', 'Behavior Therapy', 'Treatment or Exercise');
'C0005491', 'Biofeedback', 'Treatment or Exercise');
'C0005841', 'Blood Transfusion', 'Treatment or Exercise');
'C0005857', 'Bloodletting', 'Treatment or Exercise');
'C0005976', 'Bone Transplantation', 'Treatment or Exercise');
'C0006098', 'Brachytherapy', 'Treatment or Exercise');
'C0006155', 'Breathing Exercises', 'Treatment or Exercise');
'C0007202', 'Cardiopulmonary Bypass', 'Treatment or Exercise');
'C0007203', 'Cardiopulmonary Resuscitation', 'Treatment or Exercise');
'C0007389', 'Cataract Extraction', 'Treatment or Exercise');
'C0007431', 'Arterial catheterization', 'Treatment or Exercise');
'C0007471', 'Cauterization - action', 'Treatment or Exercise');
'C0007876', 'Cesarean section', 'Treatment or Exercise');
'C0008320', 'Cholecystectomy procedure', 'Treatment or Exercise');
'C0008819', 'Male Circumcision', 'Treatment or Exercise');
'C0009068', 'Closure by suture', 'Treatment or Exercise');
'C0009244', 'Cognitive Therapy', 'Treatment or Exercise');
'C0009274', 'Colectomy', 'Treatment or Exercise');
'C0009429', 'Combined Modality Therapy', 'Treatment or Exercise');
'C0009813', 'Constriction procedure', 'Treatment or Exercise');
'C0010055', 'Coronary Artery Bypass Surgery', 'Treatment or Exercise');
'C0010412', 'Cold Therapy', 'Treatment or Exercise');
'C0010468', 'Curettage procedure', 'Treatment or Exercise');
'C0011209', 'Obstetric Delivery', 'Treatment or Exercise');
'C0011331', 'Dental Procedures', 'Treatment or Exercise');
'C0011878', 'Diabetic Diet', 'Treatment or Exercise');
'C0011946', 'Dialysis procedure', 'Treatment or Exercise');
'C0012169', 'Low sodium diet', 'Treatment or Exercise');
'C0012358', 'Dilatation and Curettage', 'Treatment or Exercise');
'C0012737', 'Tissue Dissection', 'Treatment or Exercise');
'C0012826', 'Division of adhesions', 'Treatment or Exercise');
'C0013103', 'Drainage procedure', 'Treatment or Exercise');
'C0013216', 'Pharmacotherapy', 'Treatment or Exercise');
'C0013806', 'Electroconvulsive Therapy', 'Treatment or Exercise');
'C0013931', 'Embolization| Therapeutic', 'Treatment or Exercise');
'C0014268', 'Administration of enema', 'Treatment or Exercise');
'C0014935', 'Estrogen Replacement Therapy', 'Treatment or Exercise');
'C0015250', 'Complete excision', 'Treatment or Exercise');
'C0015252', 'removal technique', 'Treatment or Exercise');
'C0016999', 'Gamete Intrafallopian Transfer', 'Treatment or Exercise');
'C0017118', 'Gastrectomy', 'Treatment or Exercise');
'C0017125', 'Gastric Bypass', 'Treatment or Exercise');
'C0017296', 'gene therapy', 'Treatment or Exercise');
'C0018504', 'General hair removal - epilation', 'Treatment or Exercise');
'C0018821', 'Cardiac Surgery procedures', 'Treatment or Exercise');
'C0019008', 'Hemodialysis| Home', 'Treatment or Exercise');
'C0019108', 'Hemorrhoidectomy', 'Treatment or Exercise');
'C0019328', 'Herniorrhaphy', 'Treatment or Exercise');
'C0020311', 'Hydrotherapy', 'Treatment or Exercise');
'C0020587', 'Hypnotherapy', 'Treatment or Exercise');
'C0020699', 'Hysterectomy', 'Treatment or Exercise');
'C0020700', 'Vaginal hysterectomy', 'Treatment or Exercise');
'C0020883', 'Creation of ileostomy', 'Treatment or Exercise');
'C0020944', 'Immobilization', 'Treatment or Exercise');
'C0020971', 'Immunization', 'Treatment or Exercise');
'C0021083', 'Immunotherapy', 'Treatment or Exercise');
'C0021107', 'Implantation procedure', 'Treatment or Exercise');
'C0021114', 'Implosive Therapy', 'Treatment or Exercise');
'C0021153', 'Decompressive incision', 'Treatment or Exercise');
'C0021440', 'Intravenous infusion procedures', 'Treatment or Exercise');
'C0021485', 'Injection of therapeutic agent', 'Treatment or Exercise');
'C0021910', 'Intravenous Feeding', 'Treatment or Exercise');
'C0022100', 'Irrigation', 'Treatment or Exercise');
'C0022671', 'Kidney Transplantation', 'Treatment or Exercise');
'C0022983', 'Laminectomy', 'Treatment or Exercise');
'C0023038', 'Laparotomy', 'Treatment or Exercise');
'C0023087', 'Laser Surgery', 'Treatment or Exercise');
'C0023311', 'intraocular lens implantation procedure', 'Treatment or Exercise');
'C0023690', 'Ligation', 'Treatment or Exercise');
'C0024875', 'Massage', 'Treatment or Exercise');
'C0026822', 'Muscle denervation procedure', 'Treatment or Exercise');
'C0027495', 'Naturopathy', 'Treatment or Exercise');
'C0027741', 'Nerve Block', 'Treatment or Exercise');
'C0028678', 'nursing therapy', 'Treatment or Exercise');
'C0029151', 'Oral contraception', 'Treatment or Exercise');
'C0029468', 'Osteotomy', 'Treatment or Exercise');
'C0031765', 'Phototherapy', 'Treatment or Exercise');
'C0032042', 'Placebos', 'Treatment or Exercise');
'C0032740', 'Positive End-Expiratory Pressure', 'Treatment or Exercise');
'C0033968', 'Psychotherapy', 'Treatment or Exercise');
'C0033972', 'Psychotherapy| Multiple', 'Treatment or Exercise');
'C0034386', 'Quarantine', 'Treatment or Exercise');
'C0034945', 'Reflexology', 'Treatment or Exercise');
'C0034991', 'Rehabilitation therapy', 'Treatment or Exercise');
'C0035029', 'Relaxation Techniques', 'Treatment or Exercise');
'C0035139', 'Surgical Replantation', 'Treatment or Exercise');
'C0035189', 'Residential Treatment', 'Treatment or Exercise');
'C0035467', 'rhinoplasty', 'Treatment or Exercise');
'C0035849', 'Root Canal Therapy', 'Treatment or Exercise');
'C0036435', 'Sclerotherapy', 'Treatment or Exercise');
'C0037297', 'Skin Transplantation', 'Treatment or Exercise');
'C0037935', 'Spinal fusion'C0037995', 'Splenectomy', 'Treatment or Exercise');
'C0038150', 'Stapedectomy', 'Treatment or Exercise');
'C0038280', 'Sterilization for infection control', 'Treatment or Exercise');
'C0038842', 'Supervision'C0038901', 'Ophthalmologic Surgical Procedures', 'Treatment or Exercise');
'C0038904', 'Minor Surgical Procedures', 'Treatment or Exercise');
'C0040071', 'Thymectomy', 'Treatment or Exercise');
'C0040145', 'Thyroidectomy', 'Treatment or Exercise');
'C0040423', 'Tonsillectomy', 'Treatment or Exercise');
'C0040440', 'Tooth Extraction', 'Treatment or Exercise');
'C0040461', 'Toothbrushing', 'Treatment or Exercise');
'C0040508', 'Total Hip Replacement'C0040590', 'Tracheostomy procedure', 'Treatment or Exercise');
'C0040597', 'Traction', 'Treatment or Exercise');
'C0040732', 'Transplantation', 'Treatment or Exercise');
'C0040771', 'Transurethral Resection of Prostate', 'Treatment or Exercise');
'C0040808', 'Treatment Protocols', 'Treatment or Exercise');
'C0041281', 'Tube feeding of patient', 'Treatment or Exercise');
'C0041447', 'Tympanoplasty', 'Treatment or Exercise');
'C0042196', 'Vaccination', 'Treatment or Exercise');
'C0042200', 'Influenza vaccination', 'Treatment or Exercise');
'C0042387', 'Vasectomy', 'Treatment or Exercise');
'C0043308', 'X-Ray Therapy', 'Treatment or Exercise');
'C0050572', 'ACP protocol', 'Treatment or Exercise');
'C0052712', 'doxorubicin/mitomycin/vinblastine protocol', 'Treatment or Exercise');
'C0052889', 'bleomycin/doxorubicin/lomustine/mechlorethamine/vincristine protocol', 'Treatment or Exercise');
'C0055670', 'cyclophosphamide/doxorubicin/prednisone/teniposide protocol', 'Treatment or Exercise');
'C0056167', 'cyclophosphamide/methotrexate/prednisone/vincristine protocol', 'Treatment or Exercise');
'C0058928', 'ECHO protocol', 'Treatment or Exercise');
'C0074125', 'bleomycin/doxorubicin/lomustine/streptozocin protocol', 'Treatment or Exercise');
'C0077966', 'VACA protocol', 'Treatment or Exercise');
'C0079613', 'Adoptive Immunotherapy', 'Treatment or Exercise');
'C0085203', 'Radiosurgery', 'Treatment or Exercise');
'C0085675', 'Sitz Bath Therapy', 'Treatment or Exercise');
'C0086153', 'Dietary Modification', 'Treatment or Exercise');
'C0086511', 'Knee Replacement Arthroplasty'C0087111', 'Therapeutic procedure', 'Treatment or Exercise');
'C0087123', 'Tympanostomy', 'Treatment or Exercise');
'C0108844', 'CDE protocol-cyclophosphamide/doxorubicin/etoposide', 'Treatment or Exercise');
'C0112383', 'DAT I', 'Treatment or Exercise');
'C0150141', 'Bathing', 'Treatment or Exercise');
'C0150157', 'Calming', 'Treatment or Exercise');
'C0150189', 'Distraction training', 'Treatment or Exercise');
'C0150192', 'Ear care', 'Treatment or Exercise');
'C0150219', 'Balance exercises', 'Treatment or Exercise');
'C0150220', 'Range of motion exercise', 'Treatment or Exercise');
'C0150305', 'Positioning - therapy', 'Treatment or Exercise');
'C0150444', 'addiction care', 'Treatment or Exercise');
'C0150468', 'Application of bandage'C0150543', 'Detoxification procedure', 'Treatment or Exercise');
'C0150659', 'life review', 'Treatment or Exercise');
'C0152054', 'Therapeutic tactile stimulation', 'Treatment or Exercise');
'C0152060', 'Transection'C0152277', 'Incision and drainage', 'Treatment or Exercise');
'C0161922', 'Repair of urethra', 'Treatment or Exercise');
'C0162563', 'Cardiac ablation', 'Treatment or Exercise');
'C0162649', 'Blood Patch| Epidural', 'Treatment or Exercise');
'C0175795', 'oral medication', 'Treatment or Exercise');
'C0176524', 'puncture of lung', 'Treatment or Exercise');
'C0176866', 'Hemorrhoid operation', 'Treatment or Exercise');
'C0176867', 'Reduction of hemorrhoids', 'Treatment or Exercise');
'C0177049', 'Insertion of indwelling urinary catheter', 'Treatment or Exercise');
'C0178391', 'breast implant procedure', 'Treatment or Exercise');
'C0184626', 'special diet', 'Treatment or Exercise');
'C0184661', 'Interventional procedure', 'Treatment or Exercise');
'C0184893', 'Emergency operation', 'Treatment or Exercise');
'C0184898', 'Surgical incisions', 'Treatment or Exercise');
'C0184904', 'Slitting', 'Treatment or Exercise');
'C0184933', 'Scraping', 'Treatment or Exercise');
'C0184958', 'Toilet procedure', 'Treatment or Exercise');
'C0184967', 'Insertion of pack'C0185012', 'Closure by staple', 'Treatment or Exercise');
'C0185014', 'Banding procedure', 'Treatment or Exercise');
'C0185023', 'Fixation - action', 'Treatment or Exercise');
'C0185026', 'Plication', 'Treatment or Exercise');
'C0185027', 'Imbrication'C0185051', 'Removal by grinding', 'Treatment or Exercise');
'C0185060', 'Crushing procedure', 'Treatment or Exercise');
'C0185111', 'Surgical Manipulation', 'Treatment or Exercise');
'C0185115', 'Extraction', 'Treatment or Exercise');
'C0185117', 'Expression procedure', 'Treatment or Exercise');
'C0185131', 'Operation on bone', 'Treatment or Exercise');
'C0185317', 'Arthroplasty| Replacement', 'Treatment or Exercise');
'C0185773', 'Operation on neck', 'Treatment or Exercise');
'C0185908', 'Operative procedure on spine', 'Treatment or Exercise');
'C0186010', 'Cervical arthrodesis', 'Treatment or Exercise');
'C0186196', 'Insertion of prosthesis or prosthetic device of femoral head', 'Treatment or Exercise');
'C0186321', 'Operative procedure on shoulder', 'Treatment or Exercise');
'C0186327', 'Operative procedure on elbow', 'Treatment or Exercise');
'C0186623', 'Arthroplasty of shoulder with synthetic joint prosthesis', 'Treatment or Exercise');
'C0186657', 'Total shoulder replacement', 'Treatment or Exercise');
'C0187074', 'Finger operation', 'Treatment or Exercise');
'C0187769', 'Operative procedure on knee', 'Treatment or Exercise');
'C0187946', 'Injection of knee joint', 'Treatment or Exercise');
'C0188413', 'Operative procedure on foot', 'Treatment or Exercise');
'C0188725', 'Hammer toe operation', 'Treatment or Exercise');
'C0188970', 'Operation on nose', 'Treatment or Exercise');
'C0189745', 'Open heart surgery', 'Treatment or Exercise');
'C0191279', 'Incision of skin', 'Treatment or Exercise');
'C0191922', 'Reduction mammaplasty', 'Treatment or Exercise');
'C0191925', 'Augmentation mammoplasty', 'Treatment or Exercise');
'C0192369', 'Esophagogastrostomy| antesternal or antethoracic', 'Treatment or Exercise');
'C0192398', 'Operation on stomach', 'Treatment or Exercise');
'C0192499', 'Esophagogastric fundoplasty', 'Treatment or Exercise');
'C0192573', 'Operation on intestine', 'Treatment or Exercise');
'C0192817', 'Operation on colon', 'Treatment or Exercise');
'C0192871', 'Total colectomy', 'Treatment or Exercise');
'C0193788', 'Total thyroidectomy'C0193790', 'Subtotal thyroidectomy', 'Treatment or Exercise');
'C0193959', 'Tonsillectomy and adenoidectomy', 'Treatment or Exercise');
'C0193997', 'Partial splenectomy', 'Treatment or Exercise');
'C0194361', 'Operation on bladder', 'Treatment or Exercise');
'C0194550', 'Urethrotomy', 'Treatment or Exercise');
'C0194682', 'Surgical Procedures on the Penis', 'Treatment or Exercise');
'C0194790', 'Operation on prostate', 'Treatment or Exercise');
'C0194977', 'Hydrocelectomy', 'Treatment or Exercise');
'C0195117', 'Operation on vagina', 'Treatment or Exercise');
'C0195309', 'Uterine Myomectomy', 'Treatment or Exercise');
'C0195775', 'Operation on brain', 'Treatment or Exercise');
'C0196542', 'Operative procedure on nerve', 'Treatment or Exercise');
'C0196694', 'Nerve injection', 'Treatment or Exercise');
'C0196716', 'Local anesthetic intercostal nerve block', 'Treatment or Exercise');
'C0196998', 'Injection of eye proper', 'Treatment or Exercise');
'C0197114', 'Chalazion removal', 'Treatment or Exercise');
'C0197489', 'Glaucoma surgery', 'Treatment or Exercise');
'C0197497', 'Anterior segment of eye incision', 'Treatment or Exercise');
'C0197770', 'Operation on retina', 'Treatment or Exercise');
'C0198154', 'Mastoidectomy', 'Treatment or Exercise');
'C0199176', 'Prophylactic treatment', 'Treatment or Exercise');
'C0199451', 'Continuous Positive Airway Pressure', 'Treatment or Exercise');
'C0199779', 'Administration of antibiotic', 'Treatment or Exercise');
'C0200149', 'Ophthalmic examination and evaluation', 'Treatment or Exercise');
'C0200324', 'Vestibular rehabilitation', 'Treatment or Exercise');
'C0204147', 'Extraction of wisdom tooth', 'Treatment or Exercise');
'C0204324', 'Dental surgical procedure', 'Treatment or Exercise');
'C0204558', 'Group reassurance', 'Treatment or Exercise');
'C0204727', 'Isolation procedure', 'Treatment or Exercise');
'C0204732', 'Suicide prevention', 'Treatment or Exercise');
'C0204750', 'Special back care', 'Treatment or Exercise');
'C0204774', 'Soaking Procedure', 'Treatment or Exercise');
'C0204785', 'Vaginal douching', 'Treatment or Exercise');
'C0205013', 'Shearing'C0205991', 'Administration of vaccine to produce active immunity', 'Treatment or Exercise');
'C0206058', 'Elective Surgical Procedures', 'Treatment or Exercise');
'C0206156', 'Rewarming', 'Treatment or Exercise');
'C0206948', 'gatorade', 'Drug');
'C0242297', 'Dietary Supplementation', 'Treatment or Exercise');
'C0242390', 'Home Remedies', 'Treatment or Exercise');
'C0242970', 'Fat-Restricted Diet', 'Treatment or Exercise');
'C0262711', 'Leech Therapy', 'Treatment or Exercise');
'C0262718', 'Pelvic floor exercises', 'Treatment or Exercise');
'C0269694', 'Normal delivery procedure', 'Treatment or Exercise');
'C0278286', 'Dressing of skin or wound', 'Treatment or Exercise');
'C0278911', 'ifosfamide/lomustine/vinblastine', 'Treatment or Exercise');
'C0279025', 'Hormone Therapy', 'Treatment or Exercise');
'C0279232', 'fluorouracil/melphalan/tamoxifen', 'Treatment or Exercise');
'C0279268', 'doxorubicin/semustine/streptozocin protocol', 'Treatment or Exercise');
'C0279464', 'altretamine/etoposide/procarbazine', 'Treatment or Exercise');
'C0279755', 'cytarabine/melphalan', 'Treatment or Exercise');
'C0279848', 'cisplatin/etoposide/mitoxantrone/tamoxifen protocol', 'Treatment or Exercise');
'C0280090', 'aminoglutethimide/danazol/hydrocortisone/tamoxifen', 'Treatment or Exercise');
'C0280109', 'cyclophosphamide/doxorubicin/etoposide/interleukin-2', 'Treatment or Exercise');
'C0280523', 'etoposide/mitoxantrone/thiotepa', 'Treatment or Exercise');
'C0280592', 'doxorubicin/fluorouracil/mitomycin/vincristine protocol', 'Treatment or Exercise');
'C0280599', 'altretamine/etoposide/methotrexate protocol', 'Treatment or Exercise');
'C0282046', 'Surgery| Day', 'Treatment or Exercise');
'C0282402', 'Hormone replacement therapy', 'Treatment or Exercise');
'C0282615', 'Rhizotomy procedure', 'Treatment or Exercise');
'C0291011', 'VAPE protocol', 'Treatment or Exercise');
'C0301562', 'Hard diet', 'Treatment or Exercise');
'C0301568', 'High residue diet', 'Treatment or Exercise');
'C0301569', 'Soft diet', 'Treatment or Exercise');
'C0301571', 'Liquid diet', 'Treatment or Exercise');
'C0301585', 'Fat diet', 'Treatment or Exercise');
'C0301589', 'Calorie diet', 'Treatment or Exercise');
'C0301603', 'Food allergy diet', 'Treatment or Exercise');
'C0306207', 'Metronidazole Oral Tablet [Flagyl]', 'Drug');
'C0306535', 'Triamcinolone Topical Cream [Kenalog]', 'Drug');
'C0306692', 'Leuprolide Injectable Solution [Lupron]', 'Drug');
'C0308020', 'Diazepam Oral Tablet [Valium]', 'Drug');
'C0308803', 'dexamethasone injection', 'Drug');
'C0309177', 'GENTAMICIN SULFATE INJECTION', 'Drug');
'C0310391', 'Triamcinolone Injectable Suspension', 'Drug');
'C0311164', 'Vegetarian diet', 'Treatment or Exercise');
'C0332293', 'Treated with', 'Treatment or Exercise');
'C0337279', 'Drilling - action', 'Treatment or Exercise');
'C0337283', 'Release of tendon'C0338237', 'Antibiotic therapy', 'Treatment or Exercise');
'C0338248', 'carmustine/cytarabine/etoposide/melphalan regimen', 'Treatment or Exercise');
'C0338289', 'letrozole/tamoxifen', 'Treatment or Exercise');
'C0339897', 'Transjugular intrahepatic portosystemic shunt procedure', 'Treatment or Exercise');
'C0343138', 'Application of strapping', 'Treatment or Exercise');
'C0344106', 'Sedation procedure', 'Treatment or Exercise');
'C0344217', 'Chiropractic procedure', 'Treatment or Exercise');
'C0349707', 'Aspiration-action', 'Treatment or Exercise');
'C0352305', 'Hydrocortisone creams', 'Drug');
'C0358076', 'Tretinoin 0.25 MG/ML Topical Cream', 'Drug');
'C0358202', 'Permethrin 50 MG/ML Topical Cream', 'Drug');
'C0358855', 'Nicotine Transdermal Patch', 'Drug');
'C0359747', 'Retin-A Gel', 'Drug');
'C0360345', 'Metronidazole Oral Product', 'Drug');
'C0374503', 'Therapeutic procedure| one or more areas| each 15 minutes; massage| including effleurage| petrissage and/or tapotement'C0374711', 'Surgical repair', 'Treatment or Exercise');
'C0376312', 'Force Feeding'C0376530', 'Decompression| Surgical', 'Treatment or Exercise');
'C0376547', 'Aromatherapy', 'Treatment or Exercise');
'C0392148', 'Providing presence'C0392535', 'Induced abortion'C0392806', 'Hip Replacement Arthroplasty'C0392879', 'infusion of cortisone', 'Treatment or Exercise');
'C0392920', 'Chemotherapy Regimen', 'Treatment or Exercise');
'C0393040', 'cisplatin/ifosfamide/mesna/mitomycin protocol', 'Treatment or Exercise');
'C0394162', 'Deep Brain Stimulation', 'Treatment or Exercise');
'C0394648', 'Dry needle acupuncture', 'Treatment or Exercise');
'C0394663', 'Cupping', 'Treatment or Exercise');
'C0394664', 'Acupuncture procedure', 'Treatment or Exercise');
'C0394849', 'Injection of facet joint', 'Treatment or Exercise');
'C0395459', 'Laser iridotomy', 'Treatment or Exercise');
'C0397414', 'Maze procedure for atrial fibrillation', 'Treatment or Exercise');
'C0401664', 'Optical urethrotomy', 'Treatment or Exercise');
'C0404077', 'Abdominal hysterectomy', 'Treatment or Exercise');
'C0407713', 'Jaw Surgery', 'Treatment or Exercise');
'C0408543', 'Operation on facial joint', 'Treatment or Exercise');
'C0411659', 'Opening of skin', 'Treatment or Exercise');
'C0412806', 'Thermoregulation measures', 'Treatment or Exercise');
'C0413354', 'Injection of carpal tunnel', 'Treatment or Exercise');
'C0418981', 'Medical therapy', 'Treatment or Exercise');
'C0419174', 'Nasal tube feeding', 'Treatment or Exercise');
'C0419193', 'Care of aged', 'Treatment or Exercise');
'C0419522', 'Contraceptive diaphragm check'C0420176', 'Vitamin D supplement therapy', 'Treatment or Exercise');
'C0424980', 'Not on a special diet', 'Treatment or Exercise');
'C0439631', 'Primary operation', 'Treatment or Exercise');
'C0439775', 'Elevation procedure', 'Treatment or Exercise');
'C0441513', 'Surgical construction', 'Treatment or Exercise');
'C0441516', 'Demand'C0441603', 'capsulorrhaphy', 'Treatment or Exercise');
'C0441610', 'Reduction - action', 'Treatment or Exercise');
'C0441615', 'Patch repair', 'Treatment or Exercise');
'C0441636', 'Surgical shortening - action', 'Treatment or Exercise');
'C0442965', 'Cosmetic procedure', 'Treatment or Exercise');
'C0443235', 'Impulse technique', 'Treatment or Exercise');
'C0451615', 'Pain relief', 'Treatment or Exercise');
'C0452240', 'Physical therapy exercises', 'Treatment or Exercise');
'C0452260', 'Muscular strength development exercise', 'Treatment or Exercise');
'C0452269', 'Protein diet', 'Treatment or Exercise');
'C0452376', 'Elimination diet', 'Treatment or Exercise');
'C0452387', 'Yeast-free diet', 'Treatment or Exercise');
'C0452402', 'Clean diet', 'Treatment or Exercise');
'C0452410', 'Balanced diet', 'Treatment or Exercise');
'C0452415', 'Diet good', 'Treatment or Exercise');
'C0454306', 'Exercise class', 'Treatment or Exercise');
'C0454348', 'Back exercises', 'Treatment or Exercise');
'C0454366', 'Step ups', 'Treatment or Exercise');
'C0454406', 'Water running', 'Treatment or Exercise');
'C0455941', 'Vibration - treatment', 'Treatment or Exercise');
'C0458130', 'Large loop excision of transformation zone', 'Treatment or Exercise');
'C0459959', 'Myeloma screening', 'Treatment or Exercise');
'C0472699', 'Hemopoietic stem cell transplant', 'Treatment or Exercise');
'C0473204', 'Hydrocele operation', 'Treatment or Exercise');
'C0474166', 'Medical counseling', 'Treatment or Exercise');
'C0474186', 'Estrogen hormone therapy', 'Treatment or Exercise');
'C0474232', 'Hepatitis B vaccination', 'Treatment or Exercise');
'C0498269', 'Manipulation under anesthesia', 'Treatment or Exercise');
'C0500223', 'Prolotherapy', 'Treatment or Exercise');
'C0508431', 'answer questions', 'Treatment or Exercise');
'C0509489', 'close the eyes', 'Treatment or Exercise');
'C0520483', 'Tubal Ligation', 'Treatment or Exercise');
'C0521210', 'Resection of polyp', 'Treatment or Exercise');
'C0521300', 'Life support procedure', 'Treatment or Exercise');
'C0522772', 'Shaving - surgical procedure', 'Treatment or Exercise');
'C0522776', 'Placement of stent', 'Treatment or Exercise');
'C0524850', 'Neurosurgical Procedures', 'Treatment or Exercise');
'C0524861', 'Oral Surgical Procedures', 'Treatment or Exercise');
'C0524865', 'Reconstructive Surgical Procedures', 'Treatment or Exercise');
'C0525024', 'Prosthesis Implantation', 'Treatment or Exercise');
'C0547070', 'Ablation', 'Treatment or Exercise');
'C0556030', 'Repositioning'C0556818', 'Neck stretching', 'Treatment or Exercise');
'C0556844', 'Body massage', 'Treatment or Exercise');
'C0557033', 'Reminding', 'Treatment or Exercise');
'C0557061', 'Discussion'C0557982', 'Constant supervision', 'Treatment or Exercise');
'C0557988', 'Close supervision', 'Treatment or Exercise');
'C0557989', 'Restriction of movement', 'Treatment or Exercise');
'C0558347', 'Surgical revision', 'Treatment or Exercise');
'C0561946', 'Removal of implant'C0563527', 'Colposuspension'C0565514', 'Compression procedure', 'Treatment or Exercise');
'C0565867', 'delivery method', 'Treatment or Exercise');
'C0574032', 'Infusion procedures', 'Treatment or Exercise');
'C0574135', 'Oral steroid therapy', 'Treatment or Exercise');
'C0577760', 'Surgical removal of third molar tooth', 'Treatment or Exercise');
'C0580105', 'Change of medication', 'Treatment or Exercise');
'C0580209', 'Surgical abrasion', 'Treatment or Exercise');
'C0586328', 'Subcutaneous injection of insulin', 'Treatment or Exercise');
'C0593400', 'Hydrogen Peroxide 10 MG/ML Topical Cream', 'Drug');
'C0595096', 'Metronidazole Vaginal Products', 'Drug');
'C0596706', 'hip surgery', 'Treatment or Exercise');
'C0597811', 'Humor therapy', 'Treatment or Exercise');
'C0597815', 'crystal healing', 'Treatment or Exercise');
'C0599396', 'sleeping pill', 'Drug');
'C0599654', 'Nicotine Chewing Gum', 'Drug');
'C0600080', 'Stretching exercises', 'Treatment or Exercise');
'C0677616', 'Plastic Surgical Procedures', 'Treatment or Exercise');
'C0677850', 'adjuvant therapy', 'Treatment or Exercise');
'C0677962', 'Total hysterectomy'C0678431', 'cough syrup', 'Drug');
'C0679614', 'cold turkey', 'Treatment or Exercise');
'C0679624', 'medical treatment method', 'Treatment or Exercise');
'C0679637', 'major surgery', 'Treatment or Exercise');
'C0679660', 'self hypnosis', 'Treatment or Exercise');
'C0679868', 'relapse treatment', 'Treatment or Exercise');
'C0683174', 'topical application', 'Treatment or Exercise');
'C0683525', 'treatment options', 'Treatment or Exercise');
'C0684199', 'Homeopathy', 'Treatment or Exercise');
'C0684257', 'Venesection', 'Treatment or Exercise');
'C0689289', 'Isotretinoin 20 MG Oral Capsule', 'Drug');
'C0689533', 'Methocarbamol 500 MG Oral Tablet', 'Drug');
'C0695365', 'steam room', 'Treatment or Exercise');
'C0695640', 'acromioclavicular', 'Treatment or Exercise');
'C0695657', 'Upper extremities taping or strapping', 'Treatment or Exercise');
'C0700013', 'Incision of bladder', 'Treatment or Exercise');
'C0700589', 'Contraceptive methods', 'Treatment or Exercise');
'C0718788', 'Baby Oil| topical oil', 'Drug');
'C0719237', 'CETAPHIL CLEANSER', 'Drug');
'C0723917', 'triple antibiotic ointment', 'Drug');
'C0728940', 'Excision', 'Treatment or Exercise');
'C0741419', 'back surgery', 'Treatment or Exercise');
'C0741423', 'back surgery low back pain', 'Treatment or Exercise');
'C0741847', 'Bypass', 'Treatment or Exercise');
'C0743733', 'Eye laser surgery', 'Treatment or Exercise');
'C0746569', 'methadone treatment', 'Treatment or Exercise');
'C0748725', 'sinus surgery', 'Treatment or Exercise');
'C0749303', 'testosterone injection', 'Treatment or Exercise');
'C0749734', 'tummy tuck', 'Treatment or Exercise');
'C0751363', 'natural remedies', 'Treatment or Exercise');
'C0751429', 'Surgical Procedures| Laparoscopic', 'Treatment or Exercise');
'C0751715', 'Reiki', 'Treatment or Exercise');
'C0752094', 'Keratomileusis| Laser In Situ', 'Treatment or Exercise');
'C0785689', 'alcohol swabs', 'Drug');
'C0790321', 'Azithromycin 500 MG Oral Tablet', 'Drug');
'C0812144', 'Medication administration: epidural', 'Treatment or Exercise');
'C0812450', 'Intrauterine coil insertion', 'Treatment or Exercise');
'C0812987', 'Chemotherapy Drugs Adminstered', 'Treatment or Exercise');
'C0813207', 'Creation of shunt', 'Treatment or Exercise');
'C0813221', 'Operation on labia', 'Treatment or Exercise');
'C0814263', 'Meditation Therapy', 'Treatment or Exercise');
'C0814469', 'treatment and maintenance', 'Treatment or Exercise');
'C0844334', 'septoplasty', 'Treatment or Exercise');
'C0848753', 'pacemaker implant', 'Treatment or Exercise');
'C0849164', 'blood medications', 'Treatment or Exercise');
'C0849453', 'fixate', 'Treatment or Exercise');
'C0850054', 'iron injection', 'Treatment or Exercise');
'C0850292', 'radiofrequency ablation', 'Treatment or Exercise');
'C0851160', 'Morning after pill method of contraception', 'Treatment or Exercise');
'C0851189', 'Application of ice packs', 'Treatment or Exercise');
'C0851200', 'clean ear', 'Treatment or Exercise');
'C0851239', 'Therapy involving support stockings', 'Treatment or Exercise');
'C0852741', 'Bunion surgeries', 'Treatment or Exercise');
'C0853389', 'postoperative analgesia', 'Treatment or Exercise');
'C0856432', 'Shoulder injection', 'Treatment or Exercise');
'C0857127', 'Induction procedure', 'Treatment or Exercise');
'C0869748', 'heart - aortic valve', 'Treatment or Exercise');
'C0870535', 'Eye Movement Desensitization Reprocessing', 'Treatment or Exercise');
'C0872104', 'Assisted Reproductive Technologies', 'Treatment or Exercise');
'C0872145', 'Directly Observed Therapy', 'Treatment or Exercise');
'C0872279', 'Resistance Training', 'Treatment or Exercise');
'C0877130', 'aortic surgery', 'Treatment or Exercise');
'C0884441', 'aquatic activity', 'Treatment or Exercise');
'C0886384', '5 minutes Office visit', 'Treatment or Exercise');
'C0918259', 'medical nutritional therapy', 'Treatment or Exercise');
'C0919636', 'spinal fusion surgery', 'Treatment or Exercise');
'C0919867', 'dental cleaning', 'Treatment or Exercise');
'C0920164', 'Arm Surgery', 'Treatment or Exercise');
'C0920298', 'Weight maintenance regimen', 'Treatment or Exercise');
'C0920347', 'Procedure on spinal cord'C0920424', 'cancer surgery', 'Treatment or Exercise');
'C0920425', 'cancer therapy', 'Treatment or Exercise');
'C0920467', 'disorder control'C0935563', 'Piercing procedure', 'Treatment or Exercise');
'C0947647', 'Manipulation procedure', 'Treatment or Exercise');
'C0949008', 'Thyroid Therapies', 'Treatment or Exercise');
'C0949216', 'Alternative Therapies', 'Treatment or Exercise');
'C0949626', 'Second Look Surgery', 'Treatment or Exercise');
'C0949766', 'Physical therapy', 'Treatment or Exercise');
'C0950540', 'CHAP protocol', 'Treatment or Exercise');
'C0974143', 'Aloe vera gel', 'Drug');
'C0974349', 'Amoxicillin 500 MG Oral Capsule', 'Drug');
'C0974927', 'Benzoyl Peroxide 50 MG/ML Medicated Liquid Soap', 'Drug');
'C0975677', 'Ciprofloxacin 500 MG Oral Tablet', 'Drug');
'C0977057', 'gabapentin 100 MG Oral Capsule', 'Drug');
'C0978384', 'meloxicam 7.5 MG Oral Tablet', 'Drug');
'C0978620', 'Metronidazole 500 MG Oral Tablet', 'Drug');
'C0979757', 'Prednisone 20 MG Oral Tablet', 'Drug');
'C0979817', 'Promethazine Hydrochloride 25 MG Rectal Suppository', 'Drug');
'C0980148', 'Sertraline 25 MG Oral Tablet', 'Drug');
'C0980801', 'Tretinoin 0.00025 MG/MG Topical Gel', 'Drug');
'C0982958', 'Acetaminophen 500 MG', 'Drug');
'C0983012', 'Acyclovir 800 MG', 'Drug');
'C0983800', 'Ascorbic Acid 1000 MG', 'Drug');
'C0983814', 'Ascorbic Acid 25 MG', 'Drug');
'C0983950', 'Azithromycin 250 MG', 'Drug');
'C0984597', 'cefdinir 300 MG', 'Drug');
'C0984639', 'Cephalexin 500 MG', 'Drug');
'C0985017', 'Clonazepam 1 MG', 'Drug');
'C0985346', 'Dexamethasone 4 MG', 'Drug');
'C0985452', 'Glucose 50 MG/ML', 'Drug');
'C0986074', 'Fluconazole 150 MG', 'Drug');
'C0986112', 'Fluoxetine 20 MG', 'Drug');
'C0986199', 'Furosemide 40 MG', 'Drug');
'C0986668', 'Ibuprofen 800 MG', 'Drug');
'C0987218', 'Lisinopril 2.5 MG', 'Drug');
'C0987221', 'Lisinopril 40 MG', 'Drug');
'C0987222', 'Lisinopril 5 MG', 'Drug');
'C0987716', 'Methimazole 10 MG', 'Drug');
'C0987839', 'Metolazone 2.5 MG', 'Drug');
'C0987998', 'Naproxen 375 MG', 'Drug');
'C0988262', 'olanzapine 7.5 MG', 'Drug');
'C0989249', 'Prednisone 5 MG Oral Tablet', 'Drug');
'C0989251', 'Prednisone 50 MG', 'Drug');
'C0989916', 'Simvastatin 40 MG', 'Drug');
'C0990352', 'Spironolactone 100 MG', 'Drug');
'C0990866', 'topiramate 200 MG', 'Drug');
'C0991106', 'valsartan 160 MG', 'Drug');
'C0991735', 'Propranolol Hydrochloride 10 MG Oral Tablet', 'Drug');
'C0992015', 'Aspirin 325 MG', 'Drug');
'C0992254', 'Diazepam 5 MG', 'Drug');
'C0992477', 'Isotretinoin 20 MG', 'Drug');
'C0992608', 'Methylprednisolone 4 MG', 'Drug');
'C0992611', 'Metronidazole 500 MG', 'Drug');
'C0992989', 'Spironolactone 50 MG', 'Drug');
'C0993263', 'Amoxicillin 500 MG', 'Drug');
'C0993472', 'Prednisone 10 MG', 'Drug');
'C1123408', 'Minocycline 100 MG', 'Drug');
'C1123785', 'venlafaxine 37.5 MG', 'Drug');
'C1123872', 'Nortriptyline 25 MG', 'Drug');
'C1124257', 'Amitriptyline 10 MG', 'Drug');
'C1124281', 'Cefuroxime 500 MG', 'Drug');
'C1124331', 'Sertraline 25 MG', 'Drug');
'C1124669', 'Citalopram 20 MG', 'Drug');
'C1124670', 'Citalopram 40 MG', 'Drug');
'C1124675', 'clopidogrel 75 MG', 'Drug');
'C1124795', 'Amlodipine 2.5 MG', 'Drug');
'C1125139', 'ferrous sulfate 325 MG', 'Drug');
'C1125978', 'Fluoxetine 40 MG', 'Drug');
'C1125983', 'Galantamine 8 MG', 'Drug');
'C1126024', 'Metronidazole 750 MG', 'Drug');
'C1126048', 'pantoprazole 40 MG', 'Drug');
'C1126059', 'Sumatriptan 100 MG', 'Drug');
'C1126116', 'Clindamycin 300 MG', 'Drug');
'C1126333', 'Azithromycin 500 MG', 'Drug');
'C1128682', 'meloxicam 15 MG', 'Drug');
'C1131632', 'Fluoxetine 60 MG', 'Drug');
'C1135440', 'Procedures involving the use of pharmaceuticals', 'Treatment or Exercise');
'C1135493', 'Whole lung lavage', 'Treatment or Exercise');
'C1136201', 'Orthopedic Surgical Procedures', 'Treatment or Exercise');
'C1138412', 'Diet| Mediterranean', 'Treatment or Exercise');
'C1142085', 'Migraine prophylaxis', 'Treatment or Exercise');
'C1145810', 'Mirtazapine 30 MG', 'Drug');
'C1153761', 'gabapentin 300 MG', 'Drug');
'C1154156', 'gabapentin 600 MG', 'Drug');
'C1165436', 'prednisolone 50 MG', 'Drug');
'C1166357', 'Zinc Sulfate 5 MG', 'Drug');
'C1168577', 'Escitalopram 10 MG', 'Drug');
'C1240708', 'Hydroxyzine Oral Capsule [Vistaril]', 'Drug');
'C1243075', 'Acetaminophen Oral Tablet [Tylenol]', 'Drug');
'C1245651', 'Codeine Oral Solution', 'Drug');
'C1246845', 'mesalamine Enema', 'Drug');
'C1248363', 'venlafaxine Oral Tablet', 'Drug');
'C1251700', 'Fentanyl Transdermal Patch', 'Drug');
'C1251704', 'Lidocaine Transdermal Patch', 'Drug');
'C1251800', 'Acyclovir Topical Cream', 'Drug');
'C1251857', 'Calamine Topical Lotion', 'Drug');
'C1251883', 'Clindamycin Topical Lotion', 'Drug');
'C1252192', 'Benzoyl Peroxide Topical Gel', 'Drug');
'C1252206', 'Erythromycin Topical Gel', 'Drug');
'C1253511', 'Metronidazole Vaginal Gel', 'Drug');
'C1261311', 'Injection of steroid', 'Treatment or Exercise');
'C1261381', 'Destructive procedure'C1270947', 'Partial hysterectomy', 'Treatment or Exercise');
'C1272654', 'Wound care management', 'Treatment or Exercise');
'C1280903', 'Exploration procedure', 'Treatment or Exercise');
'C1282443', 'Injection of penis', 'Treatment or Exercise');
'C1285437', 'Sexual stimulation procedure', 'Treatment or Exercise');
'C1292856', 'Stimulation procedure', 'Treatment or Exercise');
'C1293122', 'Augmentation procedure', 'Treatment or Exercise');
'C1293124', 'Staple implantation procedure', 'Treatment or Exercise');
'C1293130', 'Stabilization', 'Treatment or Exercise');
'C1293131', 'Fusion procedure', 'Treatment or Exercise');
'C1293132', 'Anchoring procedure', 'Treatment or Exercise');
'C1293134', 'Enlargement procedure', 'Treatment or Exercise');
'C1293624', 'Bladder injection', 'Treatment or Exercise');
'C1298476', 'Potassium chloride 10%', 'Drug');
'C1298763', 'Implantation of posterior chamber intraocular lens', 'Treatment or Exercise');
'C1299353', 'Outpatient procedure', 'Treatment or Exercise');
'C1299575', 'Treatment modification', 'Treatment or Exercise');
'C1299802', 'Excision of neoplasm', 'Treatment or Exercise');
'C1303150', 'Disease management program'C1304888', 'Pain control', 'Treatment or Exercise');
'C1305682', 'Oxygen 40 %', 'Drug');
'C1306232', 'Severing', 'Treatment or Exercise');
'C1318456', 'Cosmetic surgery', 'Treatment or Exercise');
'C1318469', 'Lubrication procedure', 'Treatment or Exercise');
'C1322279', 'Dilate procedure', 'Treatment or Exercise');
'C1331255', 'Fluoxetine 25 MG', 'Drug');
'C1369038', 'Distraction therapy', 'Treatment or Exercise');
'C1369039', 'Distraction - pain management method', 'Treatment or Exercise');
'C1456587', 'Bariatric Surgery', 'Treatment or Exercise');
'C1456647', 'Childhood Immunization', 'Treatment or Exercise');
'C1504473', 'Herbal Supplement', 'Treatment or Exercise');
'C1509924', 'Mirtazapine 7.5 MG', 'Drug');
'C1510857', 'Allergy Shot', 'Treatment or Exercise');
'C1511790', 'Detection', 'Treatment or Exercise');
'C1512802', 'Insulin| 70/30', 'Drug');
'C1513003', 'Massage and Body Therapeutic Techniques', 'Treatment or Exercise');
'C1513378', 'Modest-Temperature Hyperthermia', 'Treatment or Exercise');
'C1515884', 'Acupuncture and Oriental Medicine', 'Treatment or Exercise');
'C1517033', 'External Beam Radiation Therapy', 'Treatment or Exercise');
'C1519433', 'Special Diet Therapy', 'Treatment or Exercise');
'C1522449', 'Therapeutic radiology procedure', 'Treatment or Exercise');
'C1522614', 'Drug Administration via Gastrostomy', 'Treatment or Exercise');
'C1522704', 'Exercise Pain Management', 'Treatment or Exercise');
'C1524020', 'Radiation Ionizing Radiotherapy', 'Treatment or Exercise');
'C1527075', 'Revision procedure', 'Treatment or Exercise');
'C1527398', 'Emergency Care', 'Treatment or Exercise');
'C1533658', 'vitamin therapy', 'Treatment or Exercise');
'C1533685', 'Injection procedure', 'Treatment or Exercise');
'C1533720', 'Prednisone 5 MG', 'Drug');
'C1533734', 'Administration procedure', 'Treatment or Exercise');
'C1535597', 'Truncal vagotomy with pyloroplasty', 'Treatment or Exercise');
'C1536078', 'Bypass Surgery', 'Treatment or Exercise');
'C1536570', 'Symptom Management', 'Treatment or Exercise');
'C1542057', 'Silver bunionectomy', 'Treatment or Exercise');
'C1602712', 'Carbon Dioxide 20 %', 'Drug');
'C1616543', 'Atropine / Hyoscyamine / Phenobarbital / Scopolamine Elixir [Donnatal]', 'Drug');
'C1618596', 'Atropine / Hyoscyamine / Phenobarbital / Scopolamine Oral Tablet [Donnatal]', 'Drug');
'C1621313', 'Injection of cortisone', 'Treatment or Exercise');
'C1622916', 'ISOPROPYL ALCOHOL 70%', 'Drug');
'C1627358', 'Refractive surgery enhancement', 'Treatment or Exercise');
'C1697762', 'Booster Immunization - ActSubstanceAdministrationCode', 'Treatment or Exercise');
'C1706711', 'Additional Surgical Procedure', 'Treatment or Exercise');
'C1707814', 'Dose Reduced', 'Treatment or Exercise');
'C1708063', 'First line treatment', 'Treatment or Exercise');
'C1828484', 'Instillation of dilating eye drops to eye', 'Treatment or Exercise');
'C1829459', 'Decompression', 'Treatment or Exercise');
'C1882194', 'Orthomolecular Medicine', 'Treatment or Exercise');
'C1883297', 'laparoscopy'C1883520', 'VePesid-Ifosfamide-Platinol Regimen', 'Treatment or Exercise');
'C1883583', 'Yoga', 'Treatment or Exercise');
'C1948041', 'Surgical and medical procedures', 'Treatment or Exercise');
'C1959633', 'Spatial guidance for medical procedure', 'Treatment or Exercise');
'C1960832', 'Partitioning of stomach using band', 'Treatment or Exercise');
'C1961139', 'Grafting procedure', 'Treatment or Exercise');
'C1963578', 'Release'C2003844', 'Shampooing'C2004459', 'Abdominoperineal resection', 'Treatment or Exercise');
'C2028381', 'hammertoe Surgery', 'Treatment or Exercise');
'C2064693', 'Humid air', 'Treatment or Exercise');
'C2242628', 'Fecal Microbiota Transplantation', 'Treatment or Exercise');
'C2348535', 'Stenting', 'Treatment or Exercise');
'C2350239', 'Ablation Techniques', 'Treatment or Exercise');
'C2461378', 'Medical and Surgical @ Eye @ Change', 'Treatment or Exercise');
'C2461575', 'Medical and Surgical @ Eye @ Drainage', 'Treatment or Exercise');
'C2584562', 'Endoscopic balloon dilatation of ostium of paranasal sinus', 'Treatment or Exercise');
'C2709207', 'Rx therapy', 'Treatment or Exercise');
'C2709729', 'Bisoprolol Fumarate 2.5 MG', 'Drug');
'C2713543', 'Neurofeedback', 'Treatment or Exercise');
'C2746149', 'Diphenhydramine Hydrochloride 25 MG', 'Drug');
'C2825047', 'mouthwashes'C2827774', 'Current Therapy', 'Treatment or Exercise');
'C2912166', 'Hydroxychloroquine Sulfate 200 MG', 'Drug');
'C2916901', 'Dicyclomine Hydrochloride 20 MG', 'Drug');
'C2920094', 'Fexofenadine hydrochloride 180 MG', 'Drug');
'C2930120', 'medroxyprogesterone acetate 10 MG', 'Drug');
'C2936277', 'Arthroscopic Capsular Release', 'Treatment or Exercise');
'C2936600', 'Tenotomy'C2936643', 'Standard of Care', 'Treatment or Exercise');
'C2937251', 'sliding scale', 'Treatment or Exercise');
'C2945673', 'Clinical adjustment', 'Treatment or Exercise');
'C2945704', 'Conventional Treatment', 'Treatment or Exercise');
'C2945734', 'phentermine 37.5 mg', 'Drug');
'C2945736', 'trazodone 50 mg', 'Drug');
'C2945755', 'flonase nasal spray', 'Drug');
'C2961685', 'Magnesium Sulfate 1000 MG Oral Granules', 'Drug');
'C2973270', 'Health Checkup', 'Treatment or Exercise');
'C2985296', 'Hormonal Contraception', 'Treatment or Exercise');
'C3207189', 'Caffeine Pill', 'Drug');
'C3207251', 'Citrulline Pill', 'Drug');
'C3207940', 'Activated Charcoal Pill', 'Drug');
'C3208097', 'Chlorophyll Pill', 'Drug');
'C3208941', 'Calcium Citrate Pill', 'Drug');
'C3209472', 'Azithromycin Pill', 'Drug');
'C3209643', 'Codeine Pill', 'Drug');
'C3210120', 'Baclofen Pill', 'Drug');
'C3210799', 'Morphine Pill', 'Drug');
'C3211988', 'Phentermine Pill', 'Drug');
'C3214165', 'Melatonin Pill', 'Drug');
'C3215139', 'Doxycycline Pill', 'Drug');
'C3215419', 'Potassium Pill', 'Drug');
'C3215958', 'Methadone Pill', 'Drug');
'C3216018', 'Oxycodone Pill', 'Drug');
'C3216041', 'Prednisone Pill', 'Drug');
'C3216390', 'Folic Acid Pill', 'Drug');
'C3219686', 'Permethrin Topical Product', 'Drug');
'C3220444', 'Celexa Pill', 'Drug');
'C3222347', 'Diflucan Pill', 'Drug');
'C3224789', 'Ambien Pill', 'Drug');
'C3226105', 'Advil Pill', 'Drug');
'C3226612', 'Excedrin Pill', 'Drug');
'C3227261', 'Effexor Pill', 'Drug');
'C3229627', 'Lasix Pill', 'Drug');
'C3231338', 'Macrobid Pill', 'Drug');
'C3232489', 'Toradol Pill', 'Drug');
'C3234574', 'Remeron Pill', 'Drug');
'C3234913', 'Mobic Pill', 'Drug');
'C3236322', 'Prozac Pill', 'Drug');
'C3239388', 'Truvada Pill', 'Drug');
'C3241085', 'Valtrex Pill', 'Drug');
'C3241828', 'Viagra Pill', 'Drug');
'C3266910', 'Dermatologic Surgical Procedures', 'Treatment or Exercise');
'C3272275', 'Urgent Procedure', 'Treatment or Exercise');
'C3275067', 'Cardiac Lead Procedure', 'Treatment or Exercise');
'C3275122', 'Pacemaker Procedure', 'Treatment or Exercise');
'C3536400', 'metoprolol succinate 50 MG', 'Drug');
'C3536731', 'Massage Therapy', 'Treatment or Exercise');
'C3537631', 'aripiprazole 400 MG Injection [Abilify]', 'Drug');
'C3540512', 'Circumferential Supracrestal Fiberotomy', 'Treatment or Exercise');
'C3650840', 'Traditional therapy', 'Treatment or Exercise');
'C3665370', 'Operation on uterus', 'Treatment or Exercise');
'C3687832', 'DRUGS', 'Treatment or Exercise');
'C3810531', 'Bortezomib/Dexamethasone/Pegylated Liposomal Doxorubicin Regimen', 'Treatment or Exercise');
'C3814046', 'PAD Regimen', 'Treatment or Exercise');
'C3826202', 'Homeopathic physicians', 'Treatment or Exercise');
'C3839551', 'Human papilloma virus screening', 'Treatment or Exercise');
'C3865174', 'Hydrocodone 60 MG', 'Drug');
'C3887679', 'Nissen Operation', 'Treatment or Exercise');
'C3889650', 'Transarterial Radioembolization', 'Treatment or Exercise');
'C4020119', 'doxycycline hyclate 100 MG', 'Drug');
'C4034144', 'Methotrexate Injection', 'Drug');
'C4049857', 'lidocaine single use injection', 'Drug');
'C4053458', 'Dietary Approaches to Stop Hypertension diet', 'Treatment or Exercise');